"","year","species","size_t0","size_t1","delta_size"
"1",2005,"A",16.9823315828604,30.278622465829,13.2962908829686
"2",2005,"B",9.1278220030818,21.7765124234285,12.6486904203467
"3",2005,"A",12.9709413243905,29.0892061171815,16.118264792791
"4",2005,"B",6.85502197244435,15.9080653618246,9.05304338938027
"5",2005,"A",12.4463624586662,29.2237325433115,16.7773700846453
"6",2005,"B",9.83027836741005,20.5061433024963,10.6758649350862
"7",2005,"A",15.1337875339211,28.7556380813091,13.621850547388
"8",2005,"B",10.3786015684735,24.5301651461421,14.1515635776686
"9",2005,"A",12.6122098736329,30.3871443190012,17.7749344453683
"10",2005,"B",11.4554994104579,17.9303637165055,6.47486430604758
"11",2005,"A",12.9507991650406,29.7568031053907,16.8060039403501
"12",2005,"B",10.3542519113853,24.31640349343,13.9621515820447
"13",2005,"A",16.5700015777287,28.0732763661364,11.5032747884077
"14",2005,"B",9.215728265368,18.3790867339537,9.16335846858572
"15",2005,"A",18.9696296940001,29.66397633689,10.6943466428899
"16",2005,"B",10.8043037676886,26.4640254784583,15.6597217107697
"17",2005,"A",13.7226744176174,28.7511358059171,15.0284613882997
"18",2005,"B",10.3654440723237,20.6400330679912,10.2745889956675
"19",2005,"A",16.1422991102276,29.1904948109901,13.0481957007625
"20",2005,"B",8.44655254301832,19.1222874387758,10.6757348957575
"21",2005,"A",12.4234940756846,30.4536150780698,18.0301210023852
"22",2005,"B",9.83151578378243,25.0120447585031,15.1805289747207
"23",2005,"A",17.2442505895327,28.4087672935597,11.164516704027
"24",2005,"B",12.3863671449686,21.890323610067,9.50395646509844
"25",2005,"A",17.423322491655,29.2797623588615,11.8564398672065
"26",2005,"B",11.0148258849685,22.6051186938917,11.5902928089232
"27",2005,"A",16.5720046033489,30.5065218428183,13.9345172394694
"28",2005,"B",8.95856600538504,12.4670775138777,3.50851150849263
"29",2005,"A",10.5067379318291,31.9098035010341,21.403065569205
"30",2005,"B",10.2338809326858,18.1951378162001,7.96125688351435
"31",2005,"A",13.0187010364302,29.925237854457,16.9065368180268
"32",2005,"B",11.7170612581003,19.3091884957039,7.59212723760367
"33",2005,"A",14.0420352804477,29.0017179485466,14.9596826680989
"34",2005,"B",9.81098342228417,18.6299226510619,8.81893922877773
"35",2005,"A",14.2324003368391,29.5133224628108,15.2809221259717
"36",2005,"B",9.71309426890206,25.4446664435824,15.7315721746803
"37",2005,"A",10.4879634197684,27.9831919872301,17.4952285674618
"38",2005,"B",10.661454107991,21.3362654286165,10.6748113206255
"39",2005,"A",20.1263846171336,30.8425485478262,10.7161639306926
"40",2005,"B",10.5730208913217,16.3438018536516,5.77078096232998
"41",2005,"A",12.2977297663595,30.9261783776191,18.6284486112596
"42",2005,"B",10.5452178324877,16.0309683458268,5.48575051333903
"43",2005,"A",13.163424596732,29.179555908236,16.0161313115039
"44",2005,"B",10.825376722406,20.8745774312952,10.0492007088891
"45",2005,"A",18.3162999293894,29.2946310120305,10.9783310826411
"46",2005,"B",9.91908063469016,15.4513615461111,5.53228091142091
"47",2005,"A",15.3311882763124,30.1079433570973,14.7767550807849
"48",2005,"B",10.6015242245961,14.2425295949001,3.64100537030395
"49",2005,"A",12.9810893409467,28.5471777019556,15.5660883610089
"50",2005,"B",7.88829362710994,18.2098743276734,10.3215807005634
"51",2006,"A",13.9361945108178,29.7975815780116,15.8613870671938
"52",2006,"B",6.07598174300696,20.3357231186582,14.2597413756512
"53",2006,"A",16.8829288179297,29.326444841358,12.4435160234283
"54",2006,"B",8.42945448777322,15.9271862038759,7.49773171610268
"55",2006,"A",15.6263776788033,30.0882125870113,14.461834908208
"56",2006,"B",10.9581033499429,20.1378771832646,9.17977383332166
"57",2006,"A",7.93871586274296,29.5990806043579,21.6603647416149
"58",2006,"B",10.5178749495969,19.9914834444578,9.47360849486094
"59",2006,"A",8.82067304711798,30.9069354379788,22.0862623908608
"60",2006,"B",12.5105145601424,22.1189452280821,9.60843066793967
"61",2006,"A",10.9174901303853,30.3210069191031,19.4035167887178
"62",2006,"B",12.8532346108091,24.3027274169789,11.4494928061698
"63",2006,"A",11.5458585663049,29.047277645689,17.501419079384
"64",2006,"B",11.3617192924947,21.6903550872158,10.3286357947211
"65",2006,"A",13.9145896146702,29.9257072548531,16.0111176401829
"66",2006,"B",13.7906236631206,21.8021187798054,8.0114951166848
"67",2006,"A",10.6376650321116,30.6365194330049,19.9988544008933
"68",2006,"B",8.52130001326885,20.2736262306981,11.7523262174293
"69",2006,"A",13.8169306103006,29.928582670581,16.1116520602804
"70",2006,"B",7.61696178380154,21.2123567816991,13.5953949978976
"71",2006,"A",6.94196250284972,30.5414705116953,23.5995080088456
"72",2006,"B",11.1833063835198,24.2904252059134,13.1071188223936
"73",2006,"A",17.0864521795372,30.4321820422558,13.3457298627186
"74",2006,"B",9.56998768589231,20.6568310952391,11.0868434093468
"75",2006,"A",15.732106124787,28.1101819802195,12.3780758554326
"76",2006,"B",10.8085658364671,23.0743199306435,12.2657540941764
"77",2006,"A",14.9052337638152,29.215365969857,14.3101322060418
"78",2006,"B",15.9545683929894,21.7717531211142,5.81718472812484
"79",2006,"A",16.5166978389365,30.0002042611543,13.4835064222178
"80",2006,"B",11.6692977118392,22.2636259220634,10.5943282102243
"81",2006,"A",14.8422708685279,29.2379297031016,14.3956588345737
"82",2006,"B",8.80655339098281,18.1935991834284,9.38704579244563
"83",2006,"A",16.0734607646587,29.7530103930523,13.6795496283935
"84",2006,"B",10.5238194055199,25.5160872268953,14.9922678213754
"85",2006,"A",13.8856336548905,28.7814786498842,14.8958449949936
"86",2006,"B",11.6671932263764,20.802587198135,9.13539397175864
"87",2006,"A",14.5819252410408,28.6990457527427,14.1171205117018
"88",2006,"B",7.9372022780997,21.0439743442364,13.1067720661367
"89",2006,"A",11.3986998852275,29.6770020271846,18.2783021419571
"90",2006,"B",11.52755362918,20.9501459318778,9.42259230269778
"91",2006,"A",11.8833665616457,29.4144431970631,17.5310766354175
"92",2006,"B",7.85479122802015,23.2578348807006,15.4030436526805
"93",2006,"A",16.4033304966619,30.1438080074481,13.7404775107862
"94",2006,"B",8.75729435839073,23.089483752289,14.3321893938982
"95",2006,"A",18.0110619774193,30.5245550880377,12.5134931106184
"96",2006,"B",10.2144150758277,15.9917449136411,5.77732983781336
"97",2006,"A",16.4986706450058,30.0198571159082,13.5211864709024
"98",2006,"B",9.84196763034985,17.9193200671786,8.07735243682874
"99",2006,"A",16.5861021788123,30.4140608059694,13.8279586271571
"100",2006,"B",13.9689676983362,18.5561673860645,4.5871996877283
"101",2007,"A",12.8459957034058,30.3614397317823,17.5154440283765
"102",2007,"B",6.89419712350437,20.3414570556117,13.4472599321074
"103",2007,"A",14.9829513060077,29.3003711117671,14.3174198057595
"104",2007,"B",11.6611287484801,15.7011466864896,4.04001793800953
"105",2007,"A",17.4967767937423,28.9630372784389,11.4662604846965
"106",2007,"B",10.904547785458,19.3589239400003,8.45437615454232
"107",2007,"A",16.8970758066515,31.6312436733487,14.7341678666972
"108",2007,"B",7.65018622789015,15.7087020415917,8.05851581370154
"109",2007,"A",18.7479894068379,29.4870689201414,10.7390795133035
"110",2007,"B",8.69514155516599,21.9325785284869,13.2374369733209
"111",2007,"A",15.8442246057996,31.8742748714506,16.030050265651
"112",2007,"B",10.2712206679812,19.4320049893061,9.16078432132488
"113",2007,"A",17.2095660787921,30.5471087881086,13.3375427093164
"114",2007,"B",11.2263918593532,20.0853964998022,8.85900464044899
"115",2007,"A",14.0143124006229,29.6384413239553,15.6241289233324
"116",2007,"B",7.56850619345874,21.5329201593203,13.9644139658615
"117",2007,"A",20.7193183163673,31.7922552053319,11.0729368889646
"118",2007,"B",9.28450502311342,15.2686390225391,5.98413399942565
"119",2007,"A",14.5083796799587,29.3001883310691,14.7918086511104
"120",2007,"B",6.8552276655049,21.5951821059037,14.7399544403988
"121",2007,"A",15.3734342645134,29.3651897368197,13.9917554723063
"122",2007,"B",9.04004411767895,19.161386945285,10.121342827606
"123",2007,"A",15.3970838452865,29.429827218651,14.0327433733645
"124",2007,"B",10.2238607465386,24.0578896305697,13.8340288840311
"125",2007,"A",11.4510797390678,29.6173629995451,18.1662832604772
"126",2007,"B",11.3742138728979,17.8716130229809,6.49739915008301
"127",2007,"A",13.8089456559552,30.9243586454734,17.1154129895182
"128",2007,"B",11.5122521026909,21.8633025247845,10.3510504220936
"129",2007,"A",18.1336634447746,30.0862135848425,11.9525501400679
"130",2007,"B",6.97060086539461,19.5556318033672,12.5850309379725
"131",2007,"A",16.8775901481394,28.5725877041426,11.6949975560032
"132",2007,"B",10.3606138386188,20.54618242017,10.1855685815512
"133",2007,"A",15.9090202090969,29.568780974639,13.659760765542
"134",2007,"B",8.8810384866065,19.4681556055601,10.5871171189536
"135",2007,"A",14.6029500850525,30.9824970470381,16.3795469619855
"136",2007,"B",12.8481976653586,22.6501426292947,9.80194496393603
"137",2007,"A",7.11619814980121,30.6969691143137,23.5807709645125
"138",2007,"B",7.76195401392299,23.2114612550833,15.4495072411603
"139",2007,"A",15.3478801246589,28.9073468986177,13.5594667739589
"140",2007,"B",11.5699593497016,17.8871905386483,6.3172311889467
"141",2007,"A",11.7448246052362,30.5840086468992,18.839184041663
"142",2007,"B",7.33426655490692,17.3811914494256,10.0469248945187
"143",2007,"A",21.092161664471,28.9803854023823,7.88822373791134
"144",2007,"B",11.0587640363879,20.7094639440698,9.65069990768188
"145",2007,"A",20.9902319445411,29.6520261108614,8.66179416632028
"146",2007,"B",7.83929514078467,23.4221759328693,15.5828807920847
"147",2007,"A",14.5591599291087,30.8493247533625,16.2901648242538
"148",2007,"B",12.923149779561,17.3261291853346,4.40297940577358
"149",2007,"A",15.6862767264506,29.4004689499538,13.7141922235032
"150",2007,"B",8.02766823622068,21.5554270489008,13.5277588126802
"151",2008,"A",13.0365956036678,29.4472679284455,16.4106723247777
"152",2008,"B",7.44774639763091,21.3257389045005,13.8779925068696
"153",2008,"A",11.649593196302,29.7490512387517,18.0994580424498
"154",2008,"B",13.0066182525347,23.2665406913186,10.2599224387839
"155",2008,"A",14.6517753511813,29.9704806790162,15.3187053278348
"156",2008,"B",8.25001971543518,17.0011630740219,8.75114335858675
"157",2008,"A",20.3544337611442,29.0701924002828,8.71575863913859
"158",2008,"B",9.11769500976776,24.809736108871,15.6920410991032
"159",2008,"A",19.854024505232,29.3547128518746,9.50068834664264
"160",2008,"B",10.3190045004962,16.8874302109839,6.56842571048772
"161",2008,"A",14.8996661212789,28.5982972276689,13.69863110639
"162",2008,"B",7.75361840075882,13.8537121417194,6.1000937409606
"163",2008,"A",19.9832052923514,33.0985225444408,13.1153172520894
"164",2008,"B",11.520983790569,21.6319403023467,10.1109565117778
"165",2008,"A",10.8146143185956,30.3422190620266,19.527604743431
"166",2008,"B",9.09056700087435,25.2663007974919,16.1757337966175
"167",2008,"A",11.2792701210124,29.348125813823,18.0688556928107
"168",2008,"B",10.2369593145861,18.2134501178532,7.97649080326713
"169",2008,"A",16.5042154416839,29.4771038407094,12.9728883990255
"170",2008,"B",9.78079654266078,22.8428551174373,13.0620585747765
"171",2008,"A",18.216756053348,29.9119543669858,11.6951983136378
"172",2008,"B",10.0619571628219,26.470917511155,16.4089603483331
"173",2008,"A",15.0520319009495,31.3772513632106,16.3252194622611
"174",2008,"B",9.44012802755107,26.6457250188927,17.2055969913417
"175",2008,"A",13.9077047262236,30.2316859686235,16.3239812423998
"176",2008,"B",11.1376016935432,26.8199147400313,15.6823130464881
"177",2008,"A",17.6207803981013,28.3898904567419,10.7691100586406
"178",2008,"B",8.22525155180588,20.7527622178999,12.5275106660941
"179",2008,"A",12.3300875212267,31.3215854820273,18.9914979608006
"180",2008,"B",9.3593707622862,22.0232939174577,12.6639231551715
"181",2008,"A",17.7834396882282,31.5527978765403,13.7693581883122
"182",2008,"B",7.26455226457343,19.0015638364292,11.7370115718558
"183",2008,"A",18.4432901226426,30.2802843516143,11.8369942289717
"184",2008,"B",11.472552143082,19.0721204913807,7.59956834829871
"185",2008,"A",19.4268377806205,28.3564633130482,8.92962553242767
"186",2008,"B",11.5404112552409,19.0927992874399,7.55238803219898
"187",2008,"A",14.0825383859579,28.7186917572727,14.6361533713148
"188",2008,"B",10.9885572354887,17.7704607651161,6.78190352962748
"189",2008,"A",15.0805693405685,29.8562914426024,14.7757221020338
"190",2008,"B",10.0650914421545,19.2926512495454,9.22755980739084
"191",2008,"A",10.4731478201365,30.3106883991049,19.8375405789684
"192",2008,"B",11.3829973232298,17.6007168264471,6.21771950321729
"193",2008,"A",14.9147965717514,28.7338405296841,13.8190439579328
"194",2008,"B",8.24467412198665,24.4452085567039,16.2005344347172
"195",2008,"A",17.3827153913384,31.4175911259233,14.0348757345849
"196",2008,"B",8.74842047102453,21.4677056776271,12.7192852066026
"197",2008,"A",13.0214987098194,28.8124558875791,15.7909571777597
"198",2008,"B",11.8064870096555,15.0454104546435,3.23892344498798
"199",2008,"A",16.4318085603938,28.8116879962535,12.3798794358597
"200",2008,"B",9.9586896752651,20.6179287578624,10.6592390825973
"201",2009,"A",16.117361233143,29.6406873917475,13.5233261586045
"202",2009,"B",11.0565765990691,23.4561545711052,12.3995779720361
"203",2009,"A",19.0739262548514,29.741480460009,10.6675542051576
"204",2009,"B",9.46368017656963,19.8290213151431,10.3653411385735
"205",2009,"A",17.3989909386797,29.8488961918381,12.4499052531583
"206",2009,"B",5.30903326766109,20.048139737644,14.7391064699829
"207",2009,"A",8.57645981935685,31.3110991801148,22.7346393607579
"208",2009,"B",13.5207597686184,20.8217031636123,7.30094339499382
"209",2009,"A",11.7375467193731,30.0388302492038,18.3012835298307
"210",2009,"B",8.426843103478,17.7049893603789,9.27814625690091
"211",2009,"A",17.7806622726729,30.0979030914561,12.3172408187832
"212",2009,"B",11.6144776512985,21.9392774311021,10.3247997798035
"213",2009,"A",15.699583235717,30.7205671904014,15.0209839546845
"214",2009,"B",12.9819771267913,20.5470287104613,7.56505158366998
"215",2009,"A",16.1225725358733,30.1059345129908,13.9833619771175
"216",2009,"B",10.3554552761587,16.0341960584285,5.6787407822698
"217",2009,"A",15.6943218504589,28.7249851597856,13.0306633093266
"218",2009,"B",11.6767240197351,18.3035943348961,6.626870315161
"219",2009,"A",16.6413013758587,29.978144068253,13.3368426923943
"220",2009,"B",9.2979106402883,21.3724685399596,12.0745578996713
"221",2009,"A",21.835975734134,30.0423943120261,8.20641857789217
"222",2009,"B",10.057898431921,19.4518128511271,9.39391441920609
"223",2009,"A",13.3118980811671,27.8095513856992,14.4976533045321
"224",2009,"B",8.56333678995759,18.3667398792676,9.80340308930998
"225",2009,"A",9.31834172626506,29.442629610859,20.1242878845939
"226",2009,"B",9.64852659719753,24.8569688774656,15.2084422802681
"227",2009,"A",17.8671522423253,28.3366763135223,10.469524071197
"228",2009,"B",5.29189276425709,19.8777633205856,14.5858705563285
"229",2009,"A",10.314981336524,30.38897850605,20.073997169526
"230",2009,"B",8.12605192018279,17.7262578310945,9.60020591091173
"231",2009,"A",15.4508984815221,30.5198706008492,15.0689721193271
"232",2009,"B",11.4091150588113,20.6540011158543,9.24488605704294
"233",2009,"A",13.7684624408321,29.7849897066752,16.0165272658431
"234",2009,"B",11.5347460191141,23.6216587523925,12.0869127332784
"235",2009,"A",13.2070863371011,30.7716523630471,17.5645660259459
"236",2009,"B",6.68832334365253,24.945746390789,18.2574230471364
"237",2009,"A",18.2150591069933,29.9245449652437,11.7094858582504
"238",2009,"B",13.3186855765752,19.0287238618215,5.71003828524636
"239",2009,"A",15.0542062685107,30.158153794877,15.1039475263663
"240",2009,"B",11.0807240862359,21.3922731962624,10.3115491100265
"241",2009,"A",13.9929087115701,28.1626455246703,14.1697368131002
"242",2009,"B",8.55732501019026,15.6815621031434,7.12423709295314
"243",2009,"A",14.6729595520639,29.5554285321484,14.8824689800846
"244",2009,"B",8.08905549145389,24.3722346361063,16.2831791446524
"245",2009,"A",21.4600925595212,30.1212069280601,8.66111436853894
"246",2009,"B",10.7156550023846,21.5737977678239,10.8581427654394
"247",2009,"A",14.8301117530802,30.7828252096152,15.952713456535
"248",2009,"B",10.5407894946346,23.0882648402448,12.5474753456102
"249",2009,"A",12.616548088804,30.7170877290086,18.1005396402046
"250",2009,"B",7.93051406572432,20.5031583437437,12.5726442780194
"251",2010,"A",16.82622017933,30.1715835547038,13.3453633753738
"252",2010,"B",9.56451703861974,23.6341037212049,14.0695866825852
"253",2010,"A",14.9870510757709,29.8880483175362,14.9009972417652
"254",2010,"B",7.99829949922429,21.4199339390802,13.4216344398559
"255",2010,"A",15.1165359663146,30.118667356075,15.0021313897604
"256",2010,"B",10.2889812243391,24.8185964595596,14.5296152352205
"257",2010,"A",18.8719563980883,29.1749105367657,10.3029541386774
"258",2010,"B",12.8952571152176,20.1344064849548,7.2391493697371
"259",2010,"A",5.02986419818414,31.1418907084466,26.1120265102625
"260",2010,"B",9.23477202755398,19.9865001327484,10.7517281051945
"261",2010,"A",11.9076388655614,29.8991461587974,17.991507293236
"262",2010,"B",10.8248881861868,16.3323494366899,5.50746125050313
"263",2010,"A",12.6849166277017,28.9794889062256,16.294572278524
"264",2010,"B",11.310452689334,13.8304241573235,2.51997146798945
"265",2010,"A",12.4732301131129,30.6983865309869,18.225156417874
"266",2010,"B",10.4859985944536,18.4462493535855,7.96025075913194
"267",2010,"A",22.6443206101884,29.0247085926408,6.38038798245242
"268",2010,"B",11.644326686885,22.0833318121695,10.4390051252846
"269",2010,"A",19.7829778959753,30.1300743746263,10.347096478651
"270",2010,"B",8.98312084313465,21.988031915056,13.0049110719213
"271",2010,"A",13.6104912481518,31.2128061040641,17.6023148559123
"272",2010,"B",13.2819424681892,22.3136046866817,9.03166221849259
"273",2010,"A",15.974402387302,27.6205126888786,11.6461103015766
"274",2010,"B",11.0402787572139,18.8588772076583,7.81859845044445
"275",2010,"A",11.9052540198481,29.4643841410224,17.5591301211742
"276",2010,"B",10.4678024174097,18.9289097709038,8.46110735349408
"277",2010,"A",9.8585048646715,32.5272343187931,22.6687294541216
"278",2010,"B",7.6399709092999,20.2043155464164,12.5643446371165
"279",2010,"A",11.5257685961213,30.9378270850181,19.4120584888968
"280",2010,"B",10.5520205984322,24.7978427151468,14.2458221167145
"281",2010,"A",17.6713571758693,30.2124144469917,12.5410572711224
"282",2010,"B",7.86339928958509,21.4052923787936,13.5418930892085
"283",2010,"A",14.4896177535004,30.3243658302609,15.8347480767605
"284",2010,"B",11.8305329355253,15.048099405557,3.2175664700317
"285",2010,"A",17.8444085761635,31.9019913085933,14.0575827324298
"286",2010,"B",9.69803863424477,20.0312530089522,10.3332143747074
"287",2010,"A",14.9112114725865,29.812205322609,14.9009938500225
"288",2010,"B",6.79314132765701,25.3168266299341,18.523685302277
"289",2010,"A",18.0630510221171,29.5597586964754,11.4967076743583
"290",2010,"B",8.12118610760849,11.1482766668468,3.0270905592383
"291",2010,"A",13.0057351806539,30.2687677117339,17.2630325310799
"292",2010,"B",4.33351260181767,21.5548756927734,17.2213630909557
"293",2010,"A",10.8816313961147,30.5290655504669,19.6474341543522
"294",2010,"B",12.1856888313143,21.7746331340854,9.58894430277116
"295",2010,"A",14.3333756000678,30.8317638922931,16.4983882922253
"296",2010,"B",9.66109256750906,19.2773372175529,9.61624465004379
"297",2010,"A",13.8830957912874,31.1490751390875,17.2659793478
"298",2010,"B",9.40483472095774,20.7380027500153,11.3331680290576
"299",2010,"A",12.567607673448,31.4123686945641,18.8447610211161
"300",2010,"B",12.6590016683249,22.0344748436082,9.37547317528334
"301",2011,"A",13.7591989925898,30.8799314367598,17.1207324441701
"302",2011,"B",8.35056910915896,21.7944929664382,13.4439238572792
"303",2011,"A",12.6762912490161,29.9930512354282,17.3167599864122
"304",2011,"B",4.29754632246453,16.0718050904617,11.7742587679971
"305",2011,"A",9.57763861441514,29.2697098947659,19.6920712803507
"306",2011,"B",10.5477524097164,23.3943165927807,12.8465641830644
"307",2011,"A",18.0266673321645,31.6461772824458,13.6195099502813
"308",2011,"B",12.8788322385006,19.4101810259852,6.53134878748462
"309",2011,"A",10.134511202863,29.1245040309166,18.9899928280537
"310",2011,"B",7.61243029071438,16.0552873291753,8.44285703846091
"311",2011,"A",11.8233811399732,29.6972250269033,17.8738438869301
"312",2011,"B",9.74462284305087,17.7655117234925,8.02088888044165
"313",2011,"A",14.8366328986368,32.8067509136356,17.9701180149987
"314",2011,"B",9.04169484735522,20.3307415430496,11.2890466956944
"315",2011,"A",10.5914239233842,30.6666319026936,20.0752079793094
"316",2011,"B",9.96193623612884,21.4823746474947,11.5204384113659
"317",2011,"A",14.4562612903968,28.3399448688017,13.8836835784048
"318",2011,"B",9.98987407323119,16.4653250913083,6.47545101807714
"319",2011,"A",17.124775526662,30.0821896315465,12.9574141048844
"320",2011,"B",6.50400599580678,21.952753092496,15.4487470966892
"321",2011,"A",16.9593901186031,28.7976156967971,11.838225578194
"322",2011,"B",11.8591151287176,17.4132220145324,5.55410688581479
"323",2011,"A",13.8278359657026,28.8171016017984,14.9892656360958
"324",2011,"B",10.9061641994782,22.1183913953511,11.2122271958729
"325",2011,"A",13.9335303007071,29.7352551839364,15.8017248832292
"326",2011,"B",9.36482173204143,18.6797780641725,9.31495633213103
"327",2011,"A",11.4113592566043,31.060472402903,19.6491131462987
"328",2011,"B",8.41833589125975,20.7598892216896,12.3415533304299
"329",2011,"A",18.2797257544692,30.7588925004132,12.4791667459441
"330",2011,"B",9.99820807084905,22.5056751688221,12.5074670979731
"331",2011,"A",18.3688085766852,29.0614495432237,10.6926409665385
"332",2011,"B",10.3779952141714,16.5272220789801,6.14922686480877
"333",2011,"A",15.2332493391417,30.9898033692187,15.7565540300769
"334",2011,"B",7.22783407507782,21.3829916607105,14.1551575856327
"335",2011,"A",14.4124537469466,29.8139955750403,15.4015418280937
"336",2011,"B",12.7575307668632,18.2961859509494,5.53865518408619
"337",2011,"A",20.8271865827404,31.3321019346107,10.5049153518703
"338",2011,"B",8.79692991080691,18.0257087823975,9.22877887159054
"339",2011,"A",15.3101373231252,30.8730367273216,15.5628994041964
"340",2011,"B",11.2227509929354,23.3603905944176,12.1376396014822
"341",2011,"A",19.8027740264299,29.9556929021001,10.1529188756702
"342",2011,"B",10.3885976435655,22.0058722483116,11.6172746047462
"343",2011,"A",13.0361717253665,31.192973243361,18.1568015179945
"344",2011,"B",10.564329864617,17.5913519676655,7.02702210304854
"345",2011,"A",18.0691254515207,30.426611873776,12.3574864222553
"346",2011,"B",13.2507903532213,20.2971874235868,7.04639707036551
"347",2011,"A",15.4098912275155,31.3638995411737,15.9540083136582
"348",2011,"B",11.0239975848553,17.1418511147121,6.11785352985681
"349",2011,"A",16.5174075180537,30.0362587782708,13.5188512602171
"350",2011,"B",9.49579667065528,17.4329544260408,7.9371577553855
"351",2012,"A",13.4512475586557,30.3981152853947,16.946867726739
"352",2012,"B",11.7479366296047,19.9197314877332,8.17179485812849
"353",2012,"A",21.7260576184596,28.060564348146,6.33450672968639
"354",2012,"B",9.01944745178054,19.5338905536675,10.5144431018869
"355",2012,"A",10.5600508126658,29.0054745445844,18.4454237319186
"356",2012,"B",8.68814040005739,21.8348462139388,13.1467058138814
"357",2012,"A",12.9987253474318,28.2800528156023,15.2813274681705
"358",2012,"B",8.81993840794433,15.9265275272637,7.10658911931939
"359",2012,"A",16.6099952675328,30.8727241795358,14.262728912003
"360",2012,"B",9.98441796420651,19.4471067079447,9.46268874373818
"361",2012,"A",15.9289758539554,29.9785341645901,14.0495583106347
"362",2012,"B",8.78334404907718,16.9252923767982,8.14194832772098
"363",2012,"A",16.8625038408346,28.4058747630589,11.5433709222243
"364",2012,"B",9.62487883001035,14.9673703474047,5.34249151739439
"365",2012,"A",17.2591238708689,29.2494179986683,11.9902941277993
"366",2012,"B",6.90103242678822,16.4511111520099,9.55007872522171
"367",2012,"A",14.8518368220647,29.6765119839743,14.8246751619096
"368",2012,"B",10.6006890953683,23.8405847489076,13.2398956535394
"369",2012,"A",15.1583404489421,27.9217242968472,12.7633838479051
"370",2012,"B",13.5774502653858,21.1978130542718,7.620362788886
"371",2012,"A",15.7703977343261,29.3020556564746,13.5316579221484
"372",2012,"B",5.69759759685174,16.852482823515,11.1548852266633
"373",2012,"A",13.2602232448239,28.7168805906787,15.4566573458548
"374",2012,"B",7.71965854361719,19.9326847078382,12.213026164221
"375",2012,"A",13.5319932837641,29.424260803031,15.8922675192669
"376",2012,"B",6.87564871571312,18.5846305209667,11.7089818052535
"377",2012,"A",11.6977045063114,28.1687202410239,16.4710157347125
"378",2012,"B",10.4659599244934,20.2665000271722,9.80054010267885
"379",2012,"A",14.050352506129,28.9905749486457,14.9402224425167
"380",2012,"B",7.2994426535364,22.7363760813923,15.4369334278559
"381",2012,"A",16.9820214415619,28.8533412528695,11.8713198113075
"382",2012,"B",9.68861479128716,26.2278988693074,16.5392840780202
"383",2012,"A",17.8708140414443,30.0952091222354,12.2243950807912
"384",2012,"B",8.88040423811275,15.8006897470349,6.92028550892213
"385",2012,"A",10.4519649572736,31.4085171431471,20.9565521858736
"386",2012,"B",7.86961747654088,19.3472697752939,11.477652298753
"387",2012,"A",15.2899201507051,29.8304865028224,14.5405663521172
"388",2012,"B",10.7183302221644,20.2840739743642,9.56574375219973
"389",2012,"A",13.1713573628881,30.662924394466,17.4915670315779
"390",2012,"B",12.2384140931081,20.8945897689859,8.65617567587779
"391",2012,"A",11.5226577088156,30.3563680153823,18.8337103065667
"392",2012,"B",10.0593682814258,18.3885611894476,8.32919290802177
"393",2012,"A",12.4268236999522,30.0982449186818,17.6714212187295
"394",2012,"B",9.01547474858385,16.9309465820268,7.91547183344298
"395",2012,"A",13.9185223677068,28.4111888102101,14.4926664425033
"396",2012,"B",12.9051839894652,14.569485936147,1.66430194668182
"397",2012,"A",16.1646663175929,30.7360062966663,14.5713399790734
"398",2012,"B",7.48802336260683,19.7596911588307,12.2716677962239
"399",2012,"A",17.1540563520122,27.2719509015496,10.1178945495374
"400",2012,"B",12.7266498179615,23.1309307875463,10.4042809695848
"401",2013,"A",13.6708708648479,30.7160724251908,17.0452015603428
"402",2013,"B",8.11940011733154,20.1551770302011,12.0357769128696
"403",2013,"A",17.5640408740572,29.0061168170252,11.442075942968
"404",2013,"B",6.75924427342954,21.5171801511629,14.7579358777333
"405",2013,"A",9.7545494415631,30.3718391313226,20.6172896897595
"406",2013,"B",11.1511298769233,20.2251977183313,9.074067841408
"407",2013,"A",20.1181634138295,30.4157867507112,10.2976233368816
"408",2013,"B",8.80073945758886,18.9406547399866,10.1399152823978
"409",2013,"A",17.7783412874502,29.9799964626754,12.2016551752252
"410",2013,"B",11.2709798035371,14.5372828983543,3.2663030948171
"411",2013,"A",11.4893322131674,29.666461676868,18.1771294637006
"412",2013,"B",10.242116406956,20.6396371724882,10.3975207655322
"413",2013,"A",16.936912845156,31.5923304642378,14.6554176190818
"414",2013,"B",7.65252950077388,22.1313751517167,14.4788456509429
"415",2013,"A",12.2628068151824,31.0436167006182,18.7808098854358
"416",2013,"B",10.7116217747338,22.0229033006274,11.3112815258936
"417",2013,"A",13.3739280944473,28.7018095898749,15.3278814954276
"418",2013,"B",8.99653360518204,16.0630266003783,7.06649299519628
"419",2013,"A",16.5318230795497,28.096383385653,11.5645603061033
"420",2013,"B",10.0062604353503,19.8170792070686,9.81081877171833
"421",2013,"A",14.9507880612536,32.043689804236,17.0929017429824
"422",2013,"B",8.33020025395141,22.0273622251587,13.6971619712073
"423",2013,"A",14.1974101308623,28.5470800552249,14.3496699243626
"424",2013,"B",12.082384494722,17.9356246776493,5.85324018292725
"425",2013,"A",13.470579274062,30.0844437029851,16.6138644289231
"426",2013,"B",7.90727546833014,17.6298482964733,9.72257282814318
"427",2013,"A",16.5951722170939,30.4981713635701,13.9029991464761
"428",2013,"B",10.2761433050687,25.4709986880798,15.1948553830111
"429",2013,"A",13.0085805595508,29.4886954401036,16.4801148805527
"430",2013,"B",11.4863174524862,21.6531030655169,10.1667856130308
"431",2013,"A",14.2235556496312,29.9664481152757,15.7428924656445
"432",2013,"B",12.6098143374159,18.8113699286776,6.20155559126166
"433",2013,"A",12.1148089045613,30.3194964258878,18.2046875213266
"434",2013,"B",9.23048964487976,20.8537678818837,11.623278237004
"435",2013,"A",14.5093114267751,29.0866645934154,14.5773531666404
"436",2013,"B",11.5602134150151,18.5247362636435,6.96452284862838
"437",2013,"A",11.4716486309824,29.6321464324096,18.1604978014272
"438",2013,"B",5.81914746807195,21.1940404775444,15.3748930094724
"439",2013,"A",17.4481848475059,31.0671544354578,13.6189695879519
"440",2013,"B",12.7899266921973,21.4117414112778,8.62181471908046
"441",2013,"A",17.3921530123741,28.8697311726322,11.4775781602581
"442",2013,"B",8.53153170959357,20.4909249176051,11.9593932080116
"443",2013,"A",17.2568622400894,29.565115249623,12.3082530095337
"444",2013,"B",10.8557825323106,21.4087509537208,10.5529684214102
"445",2013,"A",16.0099395606272,30.0117523989352,14.0018128383079
"446",2013,"B",4.89142678190506,20.9145016380951,16.0230748561901
"447",2013,"A",13.0080765308671,30.3445288653364,17.3364523344693
"448",2013,"B",9.59384599769108,23.364998519279,13.7711525215879
"449",2013,"A",13.1679031325884,29.1102133505665,15.9423102179781
"450",2013,"B",8.0615234001273,20.9540438870954,12.8925204869681
"451",2014,"A",13.6661774033737,29.4681967413387,15.802019337965
"452",2014,"B",7.63772179895968,17.0261044532125,9.38838265425283
"453",2014,"A",13.1914570940911,30.2635643406688,17.0721072465778
"454",2014,"B",11.2388914246464,21.1569415397847,9.91805011513828
"455",2014,"A",11.9500840553376,29.3104259212085,17.360341865871
"456",2014,"B",9.68914165940057,19.0437830271625,9.35464136776192
"457",2014,"A",11.0044388616652,30.6813772006115,19.6769383389463
"458",2014,"B",8.32113609452848,22.7581361289353,14.4370000344068
"459",2014,"A",20.4264451132021,30.3239411130867,9.89749599988468
"460",2014,"B",11.7955907424247,22.3302613526388,10.5346706102142
"461",2014,"A",15.4073889709346,30.7503295035123,15.3429405325777
"462",2014,"B",9.06090905787245,18.9428846907874,9.88197563291495
"463",2014,"A",13.3480759690025,32.988558219274,19.6404822502715
"464",2014,"B",8.52844156211827,21.3556689334977,12.8272273713795
"465",2014,"A",13.5218325328706,29.998041528644,16.4762089957734
"466",2014,"B",7.82832497435859,16.5450000871818,8.7166751128232
"467",2014,"A",14.9962397970825,31.0126479252945,16.016408128212
"468",2014,"B",11.0479343269455,24.8773154001724,13.8293810732269
"469",2014,"A",14.9184733109685,30.2962509032926,15.3777775923242
"470",2014,"B",11.6193431826487,19.9239209447269,8.30457776207824
"471",2014,"A",9.20234210110253,29.8803740457342,20.6780319446317
"472",2014,"B",12.9935983386504,19.1136223084526,6.12002396980222
"473",2014,"A",13.1835743020416,30.9462737334204,17.7626994313788
"474",2014,"B",14.3213238182191,15.9375098692004,1.61618605098132
"475",2014,"A",20.2378090010164,30.2525455822723,10.0147365812559
"476",2014,"B",8.13616213765362,18.5025678187458,10.3664056810922
"477",2014,"A",14.6439798335893,29.310209579193,14.6662297456038
"478",2014,"B",12.6818498616592,18.7195247440426,6.03767488238342
"479",2014,"A",10.8303511873026,30.206324862553,19.3759736752505
"480",2014,"B",10.5369085878171,17.0285179443075,6.49160935649039
"481",2014,"A",14.9659831927004,30.198418629575,15.2324354368746
"482",2014,"B",10.4948146370857,20.9184296823828,10.423615045297
"483",2014,"A",15.9294973666938,30.8173027226402,14.8878053559463
"484",2014,"B",9.58404914722669,19.6668881737866,10.0828390265599
"485",2014,"A",12.3010269690472,30.6340183956448,18.3329914265975
"486",2014,"B",13.1481127554098,19.1386736463012,5.99056089089138
"487",2014,"A",12.0945924964172,29.5962348296223,17.5016423332052
"488",2014,"B",13.8484517333543,18.0561312629233,4.20767952956902
"489",2014,"A",15.0515580732836,29.6600269319556,14.608468858672
"490",2014,"B",12.2516818427024,17.4814994974951,5.22981765479275
"491",2014,"A",12.9296941036435,29.532500120588,16.6028060169446
"492",2014,"B",14.1733145157366,17.7872814770894,3.61396696135277
"493",2014,"A",13.2534760962254,28.4866841312871,15.2332080350617
"494",2014,"B",9.04677291253202,20.5094865685486,11.4627136560166
"495",2014,"A",11.3446212396118,30.6090758432647,19.264454603653
"496",2014,"B",9.94427386526774,17.3489991849151,7.40472531964734
"497",2014,"A",14.9792970045481,28.1064445086817,13.1271475041336
"498",2014,"B",7.09458701700554,15.430026952705,8.33543993569949
"499",2014,"A",20.9876108397918,29.7529117187887,8.76530087899691
"500",2014,"B",11.1331305426018,18.443561620203,7.31043107760123
"501",2015,"A",14.221890133691,29.331613584225,15.1097234505339
"502",2015,"B",6.72824378564946,23.9341335817935,17.2058897961441
"503",2015,"A",12.0192595280149,27.7910924535199,15.771832925505
"504",2015,"B",11.1491298725014,17.0608830939256,5.91175322142417
"505",2015,"A",15.2603954569155,29.3729716983818,14.1125762414663
"506",2015,"B",11.9103736943245,23.0459700261657,11.1355963318412
"507",2015,"A",16.3683463848283,30.2131377367384,13.8447913519101
"508",2015,"B",11.8069346871524,21.8386232690953,10.0316885819429
"509",2015,"A",24.2746280318352,30.7754427561191,6.5008147242839
"510",2015,"B",11.3936973412234,22.5747556530336,11.1810583118102
"511",2015,"A",14.4890143877547,29.4227102567882,14.9336958690335
"512",2015,"B",10.8494253046718,18.2186549516888,7.36922964701702
"513",2015,"A",18.6901371956715,28.746438960067,10.0563017643954
"514",2015,"B",9.30441467468226,23.054039296294,13.7496246216117
"515",2015,"A",14.9988939601765,28.6447544053836,13.6458604452071
"516",2015,"B",8.35508223301932,16.4783683320514,8.1232860990321
"517",2015,"A",19.5753879675971,29.247560312607,9.67217234500987
"518",2015,"B",13.193670766786,20.7284919598655,7.53482119307954
"519",2015,"A",15.1931485596384,29.2567221839114,14.0635736242729
"520",2015,"B",10.0894918168903,18.5917630049775,8.5022711880872
"521",2015,"A",18.287327909139,31.8439481193915,13.5566202102525
"522",2015,"B",9.10788538813962,15.7528814802479,6.64499609210825
"523",2015,"A",16.2841436229238,29.6792621460511,13.3951185231273
"524",2015,"B",11.3142847524284,23.3649327220683,12.0506479696399
"525",2015,"A",19.3990737243125,28.6619653372271,9.26289161291463
"526",2015,"B",8.21660406563433,22.3824208889575,14.1658168233232
"527",2015,"A",12.2693271244005,28.8180151461324,16.548688021732
"528",2015,"B",12.8389404766765,21.4667049125677,8.62776443589127
"529",2015,"A",16.482682016897,28.9894500792241,12.5067680623271
"530",2015,"B",10.0434408902225,24.6274191365346,14.5839782463121
"531",2015,"A",12.4455568204692,28.4793447469679,16.0337879264987
"532",2015,"B",10.5784528728976,18.174469008355,7.5960161354574
"533",2015,"A",15.7727273532386,29.7321119042254,13.9593845509868
"534",2015,"B",7.62991665631954,20.8882663905121,13.2583497341926
"535",2015,"A",14.6580741257502,30.75510474667,16.0970306209198
"536",2015,"B",7.77611348441221,14.7224283780885,6.94631489367626
"537",2015,"A",9.09015507463414,30.9388211300501,21.8486660554159
"538",2015,"B",7.49177843424836,17.253913237992,9.76213480374365
"539",2015,"A",18.998497036572,29.6030446900574,10.6045476534854
"540",2015,"B",9.97636415476743,18.8760532091746,8.89968905440722
"541",2015,"A",15.8383190763093,30.5004216323222,14.6621025560128
"542",2015,"B",7.22152152930072,18.4053673679459,11.1838458386452
"543",2015,"A",12.8518872124089,30.3941968580594,17.5423096456505
"544",2015,"B",8.84040597503897,17.9448353064623,9.10442933142332
"545",2015,"A",13.7815863614102,31.0595345937885,17.2779482323783
"546",2015,"B",9.29356089873966,21.6076547888592,12.3140938901195
"547",2015,"A",13.8534153160519,30.6168726463055,16.7634573302535
"548",2015,"B",6.53035555489214,21.3307524482383,14.8003968933462
"549",2015,"A",18.7004739388941,31.138526423337,12.4380524844429
"550",2015,"B",7.6785873843813,23.186850436731,15.5082630523497
"551",2016,"A",7.33807448035362,30.1975080526758,22.8594335723222
"552",2016,"B",9.63739664989981,19.0877035219569,9.45030687205713
"553",2016,"A",14.155770278778,27.4990687585235,13.3432984797455
"554",2016,"B",16.2024090825469,18.6683174524567,2.4659083699098
"555",2016,"A",11.4772721111805,29.0971060264836,17.6198339153031
"556",2016,"B",10.0994660365095,17.25877249199,7.15930645548046
"557",2016,"A",12.8170269945517,30.5906830375027,17.773656042951
"558",2016,"B",11.9628547590651,25.9912965228092,14.0284417637441
"559",2016,"A",12.9091196390498,29.7969538492976,16.8878342102477
"560",2016,"B",8.43869111974886,19.6505944797608,11.2119033600119
"561",2016,"A",7.58010995149731,30.7729372588286,23.1928273073313
"562",2016,"B",13.6165093199436,20.3368037441701,6.72029442422654
"563",2016,"A",16.7077849095823,29.3631325477194,12.6553476381371
"564",2016,"B",6.84282967350924,19.7505911956871,12.9077615221778
"565",2016,"A",9.52976589798618,30.9482263974491,21.4184604994629
"566",2016,"B",10.8843331795795,27.4774095325548,16.5930763529753
"567",2016,"A",14.0565588980345,30.7466733270296,16.6901144289951
"568",2016,"B",11.3206318275275,14.3918809316123,3.07124910408475
"569",2016,"A",11.5022349617142,28.8498927097368,17.3476577480226
"570",2016,"B",3.1200860893102,14.4503873532824,11.3303012639722
"571",2016,"A",16.6604353698224,29.1976473026049,12.5372119327825
"572",2016,"B",13.1311039404231,13.2264723928564,0.0953684524332719
"573",2016,"A",16.7962685005461,30.9924118187101,14.196143318164
"574",2016,"B",13.4796300124036,20.4551875771888,6.97555756478527
"575",2016,"A",12.6103107123658,28.9572921473672,16.3469814350015
"576",2016,"B",9.46661655459456,22.8620433091908,13.3954267545962
"577",2016,"A",10.569031160066,31.2052856958329,20.6362545357669
"578",2016,"B",11.7821188229642,28.197509641713,16.4153908187489
"579",2016,"A",12.4146235790631,30.3749348094429,17.9603112303798
"580",2016,"B",9.58067606866633,20.4768543316915,10.8961782630252
"581",2016,"A",11.949423582224,29.9614081769005,18.0119845946765
"582",2016,"B",10.4208651338363,19.6271117083779,9.20624657454166
"583",2016,"A",19.7023544737307,30.4673815556397,10.765027081909
"584",2016,"B",11.51548227953,12.2677815662052,0.752299286675138
"585",2016,"A",13.7989176949839,29.8825674403064,16.0836497453225
"586",2016,"B",11.2297583183723,16.699327621104,5.46956930273169
"587",2016,"A",15.8195978057271,30.2116175087686,14.3920197030415
"588",2016,"B",10.0190750203762,21.5521266278707,11.5330516074946
"589",2016,"A",16.9113498636091,30.4876652796475,13.5763154160384
"590",2016,"B",12.5547964604858,22.8356412005652,10.2808447400794
"591",2016,"A",12.4381818152229,31.1995692666889,18.761387451466
"592",2016,"B",6.95896166944456,19.1686824494136,12.209720779969
"593",2016,"A",13.4033235015267,28.76063016172,15.3573066601933
"594",2016,"B",9.86367909742953,16.7812434856515,6.91756438822198
"595",2016,"A",18.288102300859,31.0841971938192,12.7960948929602
"596",2016,"B",8.76838385416326,28.434098945842,19.6657150916788
"597",2016,"A",14.537215238906,30.9173684665454,16.3801532276394
"598",2016,"B",10.0207869273377,14.1421896904832,4.12140276314551
"599",2016,"A",20.0387369195539,30.120096046952,10.0813591273981
"600",2016,"B",11.9478487365817,15.6440425807816,3.69619384419987
"601",2017,"A",18.1524385410691,29.9674208497901,11.814982308721
"602",2017,"B",7.02926975829452,19.7442753332111,12.7150055749166
"603",2017,"A",10.3000704708195,30.3564780034571,20.0564075326376
"604",2017,"B",9.45199214585215,22.0776012873048,12.6256091414526
"605",2017,"A",14.7886773083569,29.5862622638174,14.7975849554606
"606",2017,"B",9.05622841047974,26.2304629561246,17.1742345456449
"607",2017,"A",12.0772764917498,28.4385514867646,16.3612749950148
"608",2017,"B",8.46642913704915,20.8425563775148,12.3761272404657
"609",2017,"A",10.9952583293258,29.2564582996839,18.261199970358
"610",2017,"B",8.77954787348204,24.0356258155067,15.2560779420247
"611",2017,"A",13.9977958538416,29.0447420615749,15.0469462077334
"612",2017,"B",6.38760952409004,23.7105234747735,17.3229139506835
"613",2017,"A",13.9143103031029,29.6289633556592,15.7146530525563
"614",2017,"B",10.3267601074056,16.418289489303,6.09152938189738
"615",2017,"A",15.8039465945791,30.7454346174594,14.9414880228804
"616",2017,"B",10.2716784485607,17.8680875622497,7.59640911368898
"617",2017,"A",11.2696754791205,28.6817936587059,17.4121181795854
"618",2017,"B",10.9743169541821,23.7881021502202,12.8137851960381
"619",2017,"A",13.9124669501928,31.2989008205149,17.3864338703221
"620",2017,"B",10.089434524665,18.0468748960663,7.95744037140133
"621",2017,"A",19.0296543915243,28.7502819192332,9.72062752770896
"622",2017,"B",7.64407098421234,20.7483173351073,13.104246350895
"623",2017,"A",15.1135360507339,31.0146785776793,15.9011425269454
"624",2017,"B",8.95885850819589,19.9322640523463,10.9734055441504
"625",2017,"A",15.8731603918972,30.0266332697914,14.1534728778942
"626",2017,"B",11.2797519530951,15.8588940054424,4.57914205234731
"627",2017,"A",15.9019729517674,30.4662016678608,14.5642287160934
"628",2017,"B",7.80493931892967,21.6911862790343,13.8862469601046
"629",2017,"A",12.6825000876366,29.6885590241976,17.006058936561
"630",2017,"B",6.87168589175435,17.4882214435416,10.6165355517873
"631",2017,"A",15.2129964577944,30.8766789698309,15.6636825120366
"632",2017,"B",8.37546201939664,17.5960871763476,9.22062515695098
"633",2017,"A",16.3207930512785,30.8634167208525,14.5426236695739
"634",2017,"B",9.67573990810103,18.9673914099024,9.29165150180136
"635",2017,"A",20.4592906570983,31.5493396371749,11.0900489800766
"636",2017,"B",9.21229282752379,20.391363449456,11.1790706219322
"637",2017,"A",20.9633592616329,31.8331232775036,10.8697640158707
"638",2017,"B",13.3004656267293,18.3476598299586,5.04719420322929
"639",2017,"A",16.9629064125836,29.9303734609539,12.9674670483703
"640",2017,"B",7.63948011316204,25.1791978963439,17.5397177831818
"641",2017,"A",10.3503073412344,30.4789739172255,20.1286665759911
"642",2017,"B",12.8481584367337,19.5998524924831,6.75169405574942
"643",2017,"A",19.0971424133604,30.5772950324891,11.4801526191288
"644",2017,"B",10.3615306166716,17.5064919120294,7.1449612953578
"645",2017,"A",15.6336756327586,29.7500453891543,14.1163697563957
"646",2017,"B",7.6665739534125,20.9533926401596,13.2868186867471
"647",2017,"A",13.7733239281838,29.4635211019396,15.6901971737558
"648",2017,"B",11.9491336052314,24.0451398962567,12.0960062910253
"649",2017,"A",15.347021680071,29.6873925091149,14.3403708290439
"650",2017,"B",9.00326253729429,17.0741149090969,8.07085237180262
"651",2018,"A",13.6208053072009,30.1726095677254,16.5518042605245
"652",2018,"B",9.14225489629186,18.0915061292371,8.94925123294521
"653",2018,"A",17.4010815573483,29.858217184711,12.4571356273627
"654",2018,"B",7.01766280053812,18.0832139067049,11.0655511061668
"655",2018,"A",16.1679460532007,32.284859420294,16.1169133670933
"656",2018,"B",9.32313564635377,17.2048508325715,7.88171518621768
"657",2018,"A",16.3680039683261,29.8626475734967,13.4946436051706
"658",2018,"B",11.8787247650282,22.4540631616166,10.5753383965884
"659",2018,"A",16.1733066520763,28.8986586054093,12.725351953333
"660",2018,"B",8.86410856111524,22.3324915527204,13.4683829916051
"661",2018,"A",17.8788581074346,30.9984301167228,13.1195720092882
"662",2018,"B",8.435168064881,24.8777917802168,16.4426237153358
"663",2018,"A",19.9994342102439,30.1393658668509,10.1399316566071
"664",2018,"B",11.7927460973151,26.0352630707472,14.2425169734322
"665",2018,"A",10.1464932676648,30.6675094201037,20.5210161524389
"666",2018,"B",9.59513523888396,24.4568880007898,14.8617527619058
"667",2018,"A",16.5948510206985,30.7893819208992,14.1945309002007
"668",2018,"B",10.8125649130923,18.3231824781006,7.51061756500825
"669",2018,"A",11.9698250222482,30.4613857189754,18.4915606967272
"670",2018,"B",10.6138746339627,19.2918151361244,8.6779405021617
"671",2018,"A",10.0059672239176,29.8779254392381,19.8719582153205
"672",2018,"B",8.56170098838459,16.7402588695115,8.17855788112692
"673",2018,"A",20.0372141267215,30.040395913061,10.0031817863395
"674",2018,"B",10.8483050428767,15.1157451695126,4.26744012663591
"675",2018,"A",14.8232147640421,28.2986912890341,13.4754765249919
"676",2018,"B",7.61849654155806,21.1029721251525,13.4844755835945
"677",2018,"A",18.20294775537,29.2025249425267,10.9995771871568
"678",2018,"B",12.1292195088977,21.9387673393941,9.80954783049642
"679",2018,"A",10.7084132810172,28.3347753032715,17.6263620222543
"680",2018,"B",7.61130252796707,19.5863936224717,11.9750910945046
"681",2018,"A",8.70370805699285,29.6942435663743,20.9905355093814
"682",2018,"B",9.99128745375257,18.4567650372968,8.46547758354425
"683",2018,"A",17.628060861186,30.4977799770688,12.8697191158828
"684",2018,"B",12.8512482978637,14.2537706917292,1.4025223938655
"685",2018,"A",12.3817624014639,30.4141746062789,18.0324122048149
"686",2018,"B",10.8788979719888,21.637719186637,10.7588212146483
"687",2018,"A",13.0939628641099,28.836826861746,15.7428639976361
"688",2018,"B",12.0134965797223,19.7860952530786,7.7725986733563
"689",2018,"A",10.4954854116456,30.1254586573954,19.6299732457498
"690",2018,"B",11.2829147495529,17.4683631755675,6.18544842601462
"691",2018,"A",15.8162789302744,28.0961519926571,12.2798730623827
"692",2018,"B",8.81937152322667,22.0716565734673,13.2522850502406
"693",2018,"A",16.1776188780648,30.0296475137309,13.852028635666
"694",2018,"B",5.45888892682478,23.1990040676192,17.7401151407944
"695",2018,"A",14.8607062348055,29.4587807595086,14.5980745247031
"696",2018,"B",13.5759696968107,25.6907590027375,12.1147893059267
"697",2018,"A",17.7743476649515,29.5043811042279,11.7300334392764
"698",2018,"B",13.017756333273,21.2526075037783,8.23485117050532
"699",2018,"A",18.2859676428491,29.7267630690225,11.4407954261734
"700",2018,"B",13.2165695334437,16.9889157576008,3.77234622415715
"701",2019,"A",11.5621740232279,30.2812234806362,18.7190494574083
"702",2019,"B",7.14613281959503,17.0102403285303,9.86410750893526
"703",2019,"A",12.5784009434119,28.7056140981237,16.1272131547118
"704",2019,"B",9.30939071853489,18.3600498314023,9.05065911286738
"705",2019,"A",16.8850078085425,29.4838106773298,12.5988028687873
"706",2019,"B",11.3675535942944,17.2475537578172,5.88000016352279
"707",2019,"A",13.4929169866189,32.1912623293686,18.6983453427497
"708",2019,"B",9.49986142591692,25.9449895116268,16.4451280857098
"709",2019,"A",17.6415201206115,29.9552100212371,12.3136899006256
"710",2019,"B",11.7252821021165,19.2034981650929,7.47821606297647
"711",2019,"A",11.4005364742125,29.7053607422825,18.30482426807
"712",2019,"B",8.0137746567755,27.4129454515733,19.3991707947978
"713",2019,"A",16.9605923223191,28.572784075211,11.6121917528919
"714",2019,"B",12.7602945044273,20.1020037007977,7.3417091963704
"715",2019,"A",14.4113738091818,28.8524022983392,14.4410284891574
"716",2019,"B",8.4080430997731,20.6225188638622,12.2144757640891
"717",2019,"A",9.06670856747557,30.3440631897098,21.2773546222342
"718",2019,"B",9.46987618033613,22.7578143959877,13.2879382156516
"719",2019,"A",14.7367915840328,29.6390109214669,14.9022193374341
"720",2019,"B",6.18477372832068,18.869248465405,12.6844747370843
"721",2019,"A",15.295043185659,30.00893428769,14.713891102031
"722",2019,"B",9.77769241060374,15.5245377129531,5.74684530234939
"723",2019,"A",18.7607584347908,28.2314948844091,9.47073644961834
"724",2019,"B",10.4745216693896,24.6421393229546,14.167617653565
"725",2019,"A",13.6628824513708,29.1580625416249,15.4951800902541
"726",2019,"B",10.5218936505825,21.2714236794598,10.7495300288773
"727",2019,"A",14.6099442715355,29.8867653619999,15.2768210904645
"728",2019,"B",10.5069739160376,19.6724212680589,9.16544735202125
"729",2019,"A",15.8804693713617,28.7314580278656,12.850988656504
"730",2019,"B",10.7729586432747,16.686596749777,5.9136381065023
"731",2019,"A",12.7143960105436,29.3552732937607,16.6408772832171
"732",2019,"B",11.7381999183411,15.627563876222,3.88936395788087
"733",2019,"A",18.6350558695985,29.9415297843183,11.3064739147198
"734",2019,"B",12.2429665539374,21.4477680782919,9.20480152435449
"735",2019,"A",18.6733276791013,30.3346802679274,11.6613525888261
"736",2019,"B",10.1211290074616,16.9732477256898,6.85211871822828
"737",2019,"A",12.6760219123602,29.2106657546182,16.534643842258
"738",2019,"B",10.2103675883171,24.0223537328525,13.8119861445354
"739",2019,"A",19.0431451774503,31.0123456828638,11.9692005054135
"740",2019,"B",9.60487878874423,19.5428552639523,9.93797647520806
"741",2019,"A",13.5613460352272,29.9602861714934,16.3989401362662
"742",2019,"B",10.5030529783582,13.8408050159218,3.33775203756362
"743",2019,"A",15.5183847641847,31.394784137352,15.8763993731672
"744",2019,"B",11.8417067474696,21.5893828801568,9.74767613268724
"745",2019,"A",13.3051910332349,31.1792457234601,17.8740546902252
"746",2019,"B",13.8278614767807,18.5545263904203,4.72666491363966
"747",2019,"A",16.963343062822,30.1204754323189,13.1571323694969
"748",2019,"B",4.30374987392559,21.6116122490806,17.307862375155
"749",2019,"A",18.7027454100488,30.2513537993492,11.5486083893003
"750",2019,"B",11.9483505764072,24.5865409964989,12.6381904200917
"751",2020,"A",19.033684481901,27.9102868869977,8.8766024050967
"752",2020,"B",10.2772362095064,16.1025421999652,5.82530599045884
"753",2020,"A",12.0193558490737,29.0306759601427,17.011320111069
"754",2020,"B",9.60118059868466,20.0549889292933,10.4538083306087
"755",2020,"A",14.9001778838837,30.1454258657726,15.2452479818888
"756",2020,"B",6.71499124546357,18.9423991374911,12.2274078920275
"757",2020,"A",14.8927241756312,29.5010985451454,14.6083743695142
"758",2020,"B",9.77917734317468,20.1452279371431,10.3660505939684
"759",2020,"A",18.4370462719035,28.6534367523232,10.2163904804197
"760",2020,"B",12.3630589182523,22.6341489068389,10.2710899885865
"761",2020,"A",20.8945739178774,28.0197553720835,7.12518145420618
"762",2020,"B",8.44316384487355,19.3010467638404,10.8578829189668
"763",2020,"A",14.5296817409817,30.3366274138979,15.8069456729162
"764",2020,"B",13.7189767313931,16.8551524510823,3.13617571968923
"765",2020,"A",16.4165992870449,30.2409543189812,13.8243550319363
"766",2020,"B",12.2467494702017,21.1888086169274,8.94205914672565
"767",2020,"A",16.4523760973114,28.4264009420227,11.9740248447113
"768",2020,"B",6.26524317348959,21.0371873258614,14.7719441523719
"769",2020,"A",12.9002789919071,29.6921424930172,16.79186350111
"770",2020,"B",11.3022688945114,17.8034178210965,6.50114892658507
"771",2020,"A",18.3017442929994,28.4045073433734,10.102763050374
"772",2020,"B",9.19315656765724,18.3647058039993,9.17154923634206
"773",2020,"A",18.1455500505864,30.4120605362032,12.2665104856168
"774",2020,"B",11.2094312935337,17.5423285759872,6.33289728245352
"775",2020,"A",17.2060860003339,30.432738157111,13.2266521567772
"776",2020,"B",11.0338397721523,16.2323126441223,5.19847287196999
"777",2020,"A",14.5305514534169,30.0577561332847,15.5272046798678
"778",2020,"B",8.55478744571619,17.7994821580622,9.24469471234598
"779",2020,"A",15.7244627203451,29.0954920566309,13.3710293362857
"780",2020,"B",12.5833508692031,21.5147041682149,8.9313532990118
"781",2020,"A",15.5680106843114,27.834395368597,12.2663846842856
"782",2020,"B",9.74204280533417,18.8071504128784,9.06510760754424
"783",2020,"A",11.7302434139386,29.8459145126123,18.1156710986737
"784",2020,"B",8.60073128919539,21.8718915058461,13.2711602166507
"785",2020,"A",14.5412091792026,30.7931523706641,16.2519431914615
"786",2020,"B",10.492319966515,14.0918108649716,3.59949089845657
"787",2020,"A",12.1141390346537,30.9942296520318,18.8800906173781
"788",2020,"B",11.279273967594,16.7583652868308,5.47909131923678
"789",2020,"A",14.2314870935679,29.5591202448681,15.3276331513002
"790",2020,"B",6.94941719454206,17.5563797991109,10.6069626045688
"791",2020,"A",11.1375529578902,30.3878747851819,19.2503218272916
"792",2020,"B",5.60252764217844,16.8253892938447,11.2228616516662
"793",2020,"A",10.3788828793875,29.826836747641,19.4479538682535
"794",2020,"B",12.5781439398553,18.5950056692987,6.01686172944338
"795",2020,"A",16.3895923669996,30.8105140204092,14.4209216534096
"796",2020,"B",6.67378951359039,21.7008817652956,15.0270922517052
"797",2020,"A",16.8941921260005,30.0710325535641,13.1768404275635
"798",2020,"B",6.66260787475308,18.0327471701985,11.3701392954454
"799",2020,"A",21.2078140578467,28.3701023152628,7.16228825741608
"800",2020,"B",10.155287342252,23.967845670714,13.8125583284621
